,gene_id,gene_start,gene_end,cds_start,cds_end,original_codone,altered_codone,relative_start,relative_end,sequence,original_aminoacid,encoded_aminoacid
0,43740578,266,21555,266,13483,AGT,AAT,1132,1132,A,S,N
1,43740578,266,21555,266,21555,AGT,AAT,1132,1132,A,S,N
2,43740578,266,21555,266,13483,GTA,TTA,10818,10818,T,V,L
3,43740578,266,21555,266,21555,GTA,TTA,10818,10818,T,V,L
4,43740578,266,21555,266,21555,TAC,TTC,18112,18112,T,Y,F
5,43740575,28274,29533,28274,29533,GCC,ACC,1101,1101,A,A,T
6,43740578,266,21555,266,13483,CAC,CAT,794,794,T,H,H
7,43740578,266,21555,266,21555,CAC,CAT,794,794,T,H,H
8,43740578,266,21555,266,13483,CTA,TTA,2772,2772,T,L,L
9,43740578,266,21555,266,21555,CTA,TTA,2772,2772,T,L,L
10,43740578,266,21555,266,21555,ACC,ATC,14143,14143,T,T,I
11,43740578,266,21555,266,13483,GCC,GCT,3638,3638,T,A,A
12,43740578,266,21555,266,21555,GCC,GCT,3638,3638,T,A,A
13,43740578,266,21555,266,13483,ACT,GCT,9249,9249,G,T,A
14,43740578,266,21555,266,21555,ACT,GCT,9249,9249,G,T,A
15,43740578,266,21555,266,13483,TAC,TGC,13111,13111,G,Y,C
16,43740578,266,21555,266,21555,TAC,TGC,13111,13111,G,Y,C
17,43740578,266,21555,266,13483,TGC,TGT,13211,13211,T,C,C
18,43740578,266,21555,266,21555,TTG,TTT,13211,13211,T,L,F
19,43740578,266,21555,266,21555,TGC,TTC,19219,19219,T,C,F
20,43740571,26523,27191,26523,27191,GCT,CCT,198,198,C,A,P
21,43740575,28274,29533,28274,29533,CTT,CCT,415,415,C,L,P
22,43740575,28274,29533,28274,29533,ATC,ACC,562,562,C,I,T
23,43740578,266,21555,266,13483,TGG,CGG,8442,8442,C,W,R
24,43740578,266,21555,266,21555,TGG,CGG,8442,8442,C,W,R
25,43740578,266,21555,266,21555,AGG,AGG,20622,20622,A,R,R
26,43740568,21563,25384,21563,25384,AAC,AAT,65,65,T,N,N
27,43740568,21563,25384,21563,25384,CTT,TTT,1173,1173,T,L,F
28,43740575,28274,29533,28274,29533,TTC,TTT,557,557,T,F,F
29,43740578,266,21555,266,13483,CAG,TAG,48,48,T,Q,STOP
30,43740578,266,21555,266,21555,CAG,TAG,48,48,T,Q,STOP
31,43740568,21563,25384,21563,25384,GGA,GGG,1841,1841,G,G,G
32,43740575,28274,29533,28274,29533,TAGGGG,TAAACG,608,610,AAC,STOPG,STOPT
33,43740578,266,21555,266,13483,CCA,TCA,8517,8517,T,P,S
34,43740578,266,21555,266,21555,CCA,TCA,8517,8517,T,P,S
35,43740568,21563,25384,21563,25384,GTT,TTT,906,906,T,V,F
36,43740568,21563,25384,21563,25384,TGG,TGT,3752,3752,T,W,C
37,43740577,27894,28259,27894,28259,TTT,TTC,251,251,C,F,F
38,43740575,28274,29533,28274,29533,CAG,CAA,605,605,A,Q,Q
39,43740578,266,21555,266,13483,ACG,ATG,619,619,T,T,START
40,43740578,266,21555,266,21555,ACG,ATG,619,619,T,T,START
41,43740578,266,21555,266,13483,CCA,TCA,1083,1083,T,P,S
42,43740578,266,21555,266,21555,CCA,TCA,1083,1083,T,P,S
43,43740578,266,21555,266,13483,TCC,TCT,8894,8894,T,S,S
44,43740578,266,21555,266,21555,TCC,TCT,8894,8894,T,S,S
45,43740568,21563,25384,21563,25384,TGT,TAT,2314,2314,A,C,Y
46,43740576,29558,29674,29558,29674,CTA,TTA,6,6,T,L,L
47,43740578,266,21555,266,13483,TTTCTATTGGTTCTT,---------------,9456,9470,---------------,,
48,43740578,266,21555,266,21555,TTTCTATTGGTTCTT,---------------,9456,9470,---------------,,
49,43740578,266,21555,266,21555,ATTGTATCTCGATGCTTATAA,---------------------,19251,19271,---------------------,,
